
-- Insert equipment owner providers (IDs 4-51)
INSERT INTO providers (id, user_id, full_name, phone_number, provider_type, approval_status, district, state) VALUES
('a1000001-0000-0000-0000-000000000007', 'a0000000-0000-0000-0000-000000000007', 'Ramesh Yadav', '9800000007', 'equipment_owner', 'approved', 'Hazaribagh', 'Jharkhand'),
('a1000001-0000-0000-0000-000000000008', 'a0000000-0000-0000-0000-000000000008', 'Amit Sharma', '9800000008', 'equipment_owner', 'approved', 'Giridih', 'Jharkhand'),
('a1000001-0000-0000-0000-000000000009', 'a0000000-0000-0000-0000-000000000009', 'Mohan Das', '9800000009', 'equipment_owner', 'approved', 'Deoghar', 'Jharkhand'),
('a1000001-0000-0000-0000-000000000010', 'a0000000-0000-0000-0000-000000000010', 'Prakash Jha', '9800000010', 'equipment_owner', 'approved', 'Ramgarh', 'Jharkhand'),
('a1000001-0000-0000-0000-000000000011', 'a0000000-0000-0000-0000-000000000011', 'Vikas Choudhary', '9800000011', 'equipment_owner', 'approved', 'Dhanbad', 'Jharkhand'),
('a1000001-0000-0000-0000-000000000012', 'a0000000-0000-0000-0000-000000000012', 'Ajay Singh', '9800000012', 'equipment_owner', 'approved', 'Palamu', 'Jharkhand'),
('a1000001-0000-0000-0000-000000000013', 'a0000000-0000-0000-0000-000000000013', 'Alok Gupta', '9800000013', 'equipment_owner', 'approved', 'Ranchi', 'Jharkhand'),
('a1000001-0000-0000-0000-000000000014', 'a0000000-0000-0000-0000-000000000014', 'Neeraj Pandey', '9800000014', 'equipment_owner', 'approved', 'Chatra', 'Jharkhand'),
('a1000001-0000-0000-0000-000000000015', 'a0000000-0000-0000-0000-000000000015', 'Sanjay Hembrom', '9800000015', 'equipment_owner', 'approved', 'Godda', 'Jharkhand'),
('a1000001-0000-0000-0000-000000000016', 'a0000000-0000-0000-0000-000000000016', 'Manoj Singh', '9800000016', 'equipment_owner', 'approved', 'Koderma', 'Jharkhand'),
('a1000001-0000-0000-0000-000000000017', 'a0000000-0000-0000-0000-000000000017', 'Ritesh Kumar', '9800000017', 'equipment_owner', 'approved', 'Lohardaga', 'Jharkhand'),
('a1000001-0000-0000-0000-000000000018', 'a0000000-0000-0000-0000-000000000018', 'Anil Sahu', '9800000018', 'equipment_owner', 'approved', 'Simdega', 'Jharkhand'),
('a1000001-0000-0000-0000-000000000019', 'a0000000-0000-0000-0000-000000000019', 'Bipul Sharma', '9800000019', 'equipment_owner', 'approved', 'Garhwa', 'Jharkhand'),
('a1000001-0000-0000-0000-000000000020', 'a0000000-0000-0000-0000-000000000020', 'Kisan Mandal', '9800000020', 'equipment_owner', 'approved', 'Latehar', 'Jharkhand'),
('a1000001-0000-0000-0000-000000000021', 'a0000000-0000-0000-0000-000000000021', 'Santosh Verma', '9800000021', 'equipment_owner', 'approved', 'Gumla', 'Jharkhand'),
('a1000001-0000-0000-0000-000000000022', 'a0000000-0000-0000-0000-000000000022', 'Vijay Saw', '9800000022', 'equipment_owner', 'approved', 'Khunti', 'Jharkhand'),
('a1000001-0000-0000-0000-000000000023', 'a0000000-0000-0000-0000-000000000023', 'Deepak Yadav', '9800000023', 'equipment_owner', 'approved', 'Saraikela', 'Jharkhand'),
('a1000001-0000-0000-0000-000000000024', 'a0000000-0000-0000-0000-000000000024', 'Suraj Mahto', '9800000024', 'equipment_owner', 'approved', 'East Singhbhum', 'Jharkhand'),
('a1000001-0000-0000-0000-000000000025', 'a0000000-0000-0000-0000-000000000025', 'Gopal Prasad', '9800000025', 'equipment_owner', 'approved', 'West Singhbhum', 'Jharkhand'),
('a1000001-0000-0000-0000-000000000026', 'a0000000-0000-0000-0000-000000000026', 'Anil Sharma', '9800000026', 'equipment_owner', 'approved', 'Hazaribagh', 'Jharkhand'),
('a1000001-0000-0000-0000-000000000027', 'a0000000-0000-0000-0000-000000000027', 'Rajesh Singh', '9800000027', 'equipment_owner', 'approved', 'Ranchi', 'Jharkhand'),
('a1000001-0000-0000-0000-000000000028', 'a0000000-0000-0000-0000-000000000028', 'Pawan Gupta', '9800000028', 'equipment_owner', 'approved', 'Bokaro', 'Jharkhand'),
('a1000001-0000-0000-0000-000000000029', 'a0000000-0000-0000-0000-000000000029', 'Manish Das', '9800000029', 'equipment_owner', 'approved', 'Giridih', 'Jharkhand'),
('a1000001-0000-0000-0000-000000000030', 'a0000000-0000-0000-0000-000000000030', 'Sunita Devi', '9800000030', 'equipment_owner', 'approved', 'Jamtara', 'Jharkhand'),
('a1000001-0000-0000-0000-000000000031', 'a0000000-0000-0000-0000-000000000031', 'Shankar Pandit', '9800000031', 'equipment_owner', 'approved', 'Dumka', 'Jharkhand'),
('a1000001-0000-0000-0000-000000000032', 'a0000000-0000-0000-0000-000000000032', 'Gaurav Soni', '9800000032', 'equipment_owner', 'approved', 'Sahebganj', 'Jharkhand'),
('a1000001-0000-0000-0000-000000000033', 'a0000000-0000-0000-0000-000000000033', 'Nitin Bhagat', '9800000033', 'equipment_owner', 'approved', 'Pakur', 'Jharkhand'),
('a1000001-0000-0000-0000-000000000034', 'a0000000-0000-0000-0000-000000000034', 'Suresh Sinha', '9800000034', 'equipment_owner', 'approved', 'Deoghar', 'Jharkhand'),
('a1000001-0000-0000-0000-000000000035', 'a0000000-0000-0000-0000-000000000035', 'Amit Shah', '9800000035', 'equipment_owner', 'approved', 'Godda', 'Jharkhand'),
('a1000001-0000-0000-0000-000000000036', 'a0000000-0000-0000-0000-000000000036', 'Pooja Kumari', '9800000036', 'equipment_owner', 'approved', 'Ramgarh', 'Jharkhand'),
('a1000001-0000-0000-0000-000000000037', 'a0000000-0000-0000-0000-000000000037', 'Vinod Mahto', '9800000037', 'equipment_owner', 'approved', 'Palamu', 'Jharkhand'),
('a1000001-0000-0000-0000-000000000038', 'a0000000-0000-0000-0000-000000000038', 'Deep Narayan', '9800000038', 'equipment_owner', 'approved', 'Garhwa', 'Jharkhand'),
('a1000001-0000-0000-0000-000000000039', 'a0000000-0000-0000-0000-000000000039', 'Ratan Lal', '9800000039', 'equipment_owner', 'approved', 'Chatra', 'Jharkhand'),
('a1000001-0000-0000-0000-000000000040', 'a0000000-0000-0000-0000-000000000040', 'Mukul Sahu', '9800000040', 'equipment_owner', 'approved', 'Gumla', 'Jharkhand'),
('a1000001-0000-0000-0000-000000000041', 'a0000000-0000-0000-0000-000000000041', 'Nisha Kumari', '9800000041', 'equipment_owner', 'approved', 'Khunti', 'Jharkhand'),
('a1000001-0000-0000-0000-000000000042', 'a0000000-0000-0000-0000-000000000042', 'Ajay Rana', '9800000042', 'equipment_owner', 'approved', 'Saraikela', 'Jharkhand'),
('a1000001-0000-0000-0000-000000000043', 'a0000000-0000-0000-0000-000000000043', 'Subhash Jha', '9800000043', 'equipment_owner', 'approved', 'Dhanbad', 'Jharkhand'),
('a1000001-0000-0000-0000-000000000044', 'a0000000-0000-0000-0000-000000000044', 'Alok Sahu', '9800000044', 'equipment_owner', 'approved', 'Ranchi', 'Jharkhand'),
('a1000001-0000-0000-0000-000000000045', 'a0000000-0000-0000-0000-000000000045', 'Vikram Yadav', '9800000045', 'equipment_owner', 'approved', 'Koderma', 'Jharkhand'),
('a1000001-0000-0000-0000-000000000046', 'a0000000-0000-0000-0000-000000000046', 'Pramod Das', '9800000046', 'equipment_owner', 'approved', 'Lohardaga', 'Jharkhand'),
('a1000001-0000-0000-0000-000000000047', 'a0000000-0000-0000-0000-000000000047', 'Mohan Lal Eq', '9800000047', 'equipment_owner', 'approved', 'Simdega', 'Jharkhand'),
('a1000001-0000-0000-0000-000000000048', 'a0000000-0000-0000-0000-000000000048', 'Raja Ram', '9800000048', 'equipment_owner', 'approved', 'Latehar', 'Jharkhand'),
('a1000001-0000-0000-0000-000000000049', 'a0000000-0000-0000-0000-000000000049', 'Santosh Kumar', '9800000049', 'equipment_owner', 'approved', 'Jamtara', 'Jharkhand'),
('a1000001-0000-0000-0000-000000000050', 'a0000000-0000-0000-0000-000000000050', 'Babulal Hemram', '9800000050', 'equipment_owner', 'approved', 'Dumka', 'Jharkhand'),
('a1000001-0000-0000-0000-000000000051', 'a0000000-0000-0000-0000-000000000051', 'Dinesh Pandit', '9800000051', 'equipment_owner', 'approved', 'Sahebganj', 'Jharkhand'),
('a1000001-0000-0000-0000-000000000052', 'a0000000-0000-0000-0000-000000000052', 'Kailash Choudhary', '9800000052', 'equipment_owner', 'approved', 'Pakur', 'Jharkhand'),
('a1000001-0000-0000-0000-000000000053', 'a0000000-0000-0000-0000-000000000053', 'Govind Paswan', '9800000053', 'equipment_owner', 'approved', 'Deoghar', 'Jharkhand'),
('a1000001-0000-0000-0000-000000000054', 'a0000000-0000-0000-0000-000000000054', 'Mahesh Kumar', '9800000054', 'equipment_owner', 'approved', 'Hazaribagh', 'Jharkhand');

-- Insert equipment listings (IDs 4-51)
INSERT INTO equipment_listings (provider_id, equipment_name, equipment_type, power_capacity, hourly_rate, daily_rate, location, district, state, features) VALUES
('a1000001-0000-0000-0000-000000000007', 'Kartar 4000 Mini Combine', 'Harvester', '45 HP', 1800, 12000, 'Hazaribagh, Jharkhand', 'Hazaribagh', 'Jharkhand', ARRAY['Compact Design', 'Easy Maneuver', 'Low Fuel Consumption']),
('a1000001-0000-0000-0000-000000000008', 'Rotary Tiller - 7 Feet', 'Tiller', '35-50 HP Required', 400, 3000, 'Giridih, Jharkhand', 'Giridih', 'Jharkhand', ARRAY['Heavy Duty', 'Smooth Operation', 'Easy Attachment']),
('a1000001-0000-0000-0000-000000000009', 'Disc Harrow - 20 Discs', 'Tiller', '40-60 HP Required', 450, 3500, 'Deoghar, Jharkhand', 'Deoghar', 'Jharkhand', ARRAY['Sharp Cutting', 'Adjustable Angle', 'Durable Build']),
('a1000001-0000-0000-0000-000000000010', 'Massey Ferguson 241 DI Dynatrack', 'Tractor', '42 HP', 800, 5500, 'Ramgarh, Jharkhand', 'Ramgarh', 'Jharkhand', ARRAY['Versatile', 'High Torque', 'Easy Service']),
('a1000001-0000-0000-0000-000000000011', 'Kubota MU4501 2WD', 'Tractor', '45 HP', 950, 7000, 'Dhanbad, Jharkhand', 'Dhanbad', 'Jharkhand', ARRAY['Japanese Technology', 'Comfortable Seat', 'Synchromesh Gearbox']),
('a1000001-0000-0000-0000-000000000012', 'Shaktiman Paddy Master 370', 'Harvester', '70 HP', 2000, 15000, 'Palamu, Jharkhand', 'Palamu', 'Jharkhand', ARRAY['Paddy Specialist', 'Low Grain Loss', 'Hydraulic Control']),
('a1000001-0000-0000-0000-000000000013', 'Power Sprayer - 600 Litre', 'Sprayer', 'Tractor Mounted', 300, 2200, 'Ranchi, Jharkhand', 'Ranchi', 'Jharkhand', ARRAY['High Pressure', 'Wide Coverage', 'Adjustable Nozzles']),
('a1000001-0000-0000-0000-000000000014', 'Seed Drill - 9 Tyne', 'Planters', '30-50 HP Required', 500, 3800, 'Chatra, Jharkhand', 'Chatra', 'Jharkhand', ARRAY['Precision Planting', 'Depth Control', 'Uniform Spacing']),
('a1000001-0000-0000-0000-000000000015', 'Mist Blower Sprayer - Portable', 'Sprayer', '2 HP Engine', 150, 1000, 'Godda, Jharkhand', 'Godda', 'Jharkhand', ARRAY['Lightweight', 'High Reach', 'Chemical Efficient']),
('a1000001-0000-0000-0000-000000000016', 'Mahindra Yuvo 575 DI', 'Tractor', '45 HP', 820, 6200, 'Koderma, Jharkhand', 'Koderma', 'Jharkhand', ARRAY['Advanced Hydraulics', 'Ergonomic Design', 'Multi-Speed PTO']),
('a1000001-0000-0000-0000-000000000017', 'Sonalika DI 745 III', 'Tractor', '50 HP', 880, 6800, 'Lohardaga, Jharkhand', 'Lohardaga', 'Jharkhand', ARRAY['Heavy Duty Mileage', 'Comfortable Seating', 'Oil Immersed Brakes']),
('a1000001-0000-0000-0000-000000000018', 'New Holland 3630 TX Plus', 'Tractor', '55 HP', 980, 7500, 'Simdega, Jharkhand', 'Simdega', 'Jharkhand', ARRAY['High Power', 'SkyWatch GPS', 'Electronic Lift Control']),
('a1000001-0000-0000-0000-000000000019', 'Claas Crop Tiger 40 Terra Trac', 'Harvester', '75 HP', 2200, 16500, 'Garhwa, Jharkhand', 'Garhwa', 'Jharkhand', ARRAY['Track System', 'Multi-Crop', 'High Output']),
('a1000001-0000-0000-0000-000000000020', 'Preet 987 Self Propelled Combine', 'Harvester', '101 HP', 2600, 19000, 'Latehar, Jharkhand', 'Latehar', 'Jharkhand', ARRAY['Heavy Duty', 'Best for Wheat', 'Low Maintenance']),
('a1000001-0000-0000-0000-000000000021', 'Reversible Plough - 3 Bottom', 'Tiller', '45-60 HP Required', 600, 4500, 'Gumla, Jharkhand', 'Gumla', 'Jharkhand', ARRAY['Deep Tillage', 'Hydraulic Flip', 'Strong Frame']),
('a1000001-0000-0000-0000-000000000022', 'Potato Planter - Semi Automatic', 'Planters', '35 HP Required', 550, 4200, 'Khunti, Jharkhand', 'Khunti', 'Jharkhand', ARRAY['Accurate Spacing', 'Less Labour', 'Adjustable Depth']),
('a1000001-0000-0000-0000-000000000023', 'Boom Sprayer - 400 Litre', 'Sprayer', 'Tractor Mounted', 350, 2500, 'Saraikela, Jharkhand', 'Saraikela', 'Jharkhand', ARRAY['Long Boom Reach', 'Uniform Spray', 'High Coverage']),
('a1000001-0000-0000-0000-000000000024', 'Rotavator - 6 Feet Light Duty', 'Tiller', '30-40 HP Required', 350, 2800, 'East Singhbhum, Jharkhand', 'East Singhbhum', 'Jharkhand', ARRAY['Fine Tilth', 'Paddy Fields', 'Lightweight']),
('a1000001-0000-0000-0000-000000000025', 'Shredder Mulcher - 6 Feet', 'Harvester', '50 HP Required', 750, 5000, 'West Singhbhum, Jharkhand', 'West Singhbhum', 'Jharkhand', ARRAY['Crop Residue Management', 'High Speed', 'Safety Clutch']),
('a1000001-0000-0000-0000-000000000026', 'Tractor Trailer - 8 Ton Capacity', 'Trailers', 'N/A', 250, 1800, 'Hazaribagh, Jharkhand', 'Hazaribagh', 'Jharkhand', ARRAY['Hydraulic Tipping', 'Heavy Load', 'New Tires']),
('a1000001-0000-0000-0000-000000000027', 'Drip Irrigation Setup', 'Irrigation', 'N/A', 150, 1000, 'Ranchi, Jharkhand', 'Ranchi', 'Jharkhand', ARRAY['Water Efficient', 'Installation Included', 'Fertigation Kit']),
('a1000001-0000-0000-0000-000000000028', 'Power Tiller - 15 HP', 'Tiller', '15 HP', 300, 2000, 'Bokaro, Jharkhand', 'Bokaro', 'Jharkhand', ARRAY['Small Farms', 'Easy to Operate', 'Multi-attachments']),
('a1000001-0000-0000-0000-000000000029', 'Tractor Loader - Front End', 'Accessories', '40 HP Required', 650, 4800, 'Giridih, Jharkhand', 'Giridih', 'Jharkhand', ARRAY['High Lift', 'Heavy Bucket', 'Quick Attach']),
('a1000001-0000-0000-0000-000000000030', 'Disc Plough - 3 Furrow', 'Tiller', '45 HP Required', 500, 3900, 'Jamtara, Jharkhand', 'Jamtara', 'Jharkhand', ARRAY['Primary Tillage', 'Soil Turning', 'Adjustable Angle']),
('a1000001-0000-0000-0000-000000000031', 'Mini Tractor - 20 HP', 'Tractor', '20 HP', 600, 4000, 'Dumka, Jharkhand', 'Dumka', 'Jharkhand', ARRAY['Inter-cultivation', 'Compact', 'Fuel Efficient']),
('a1000001-0000-0000-0000-000000000032', 'Paddy Thresher - Multi Crop', 'Harvester', 'Tractor Driven', 1200, 9000, 'Sahebganj, Jharkhand', 'Sahebganj', 'Jharkhand', ARRAY['High Efficiency', 'Adjustable Sieves', 'Low Damage']),
('a1000001-0000-0000-0000-000000000033', 'Centrifugal Pump - 5 HP', 'Irrigation', '5 HP', 100, 700, 'Pakur, Jharkhand', 'Pakur', 'Jharkhand', ARRAY['High Flow Rate', 'Diesel Engine', 'Portable']),
('a1000001-0000-0000-0000-000000000034', 'Zero Till Seed Drill - 11 Tyne', 'Planters', '40 HP Required', 700, 5200, 'Deoghar, Jharkhand', 'Deoghar', 'Jharkhand', ARRAY['No Tillage', 'Saves Time', 'Fertilizer Attachment']),
('a1000001-0000-0000-0000-000000000035', 'Tractor Cultivator - 9 Tyne', 'Tiller', '35 HP Required', 380, 2900, 'Godda, Jharkhand', 'Godda', 'Jharkhand', ARRAY['Secondary Tillage', 'Weed Control', 'Adjustable Width']),
('a1000001-0000-0000-0000-000000000036', 'Boom Sprayer - 200 Litre ATV Mount', 'Sprayer', 'N/A', 200, 1500, 'Ramgarh, Jharkhand', 'Ramgarh', 'Jharkhand', ARRAY['Forestry Use', 'Narrow Rows', 'Flexible Hose']),
('a1000001-0000-0000-0000-000000000037', 'Combine Harvester - Maize Header', 'Harvester', '150 HP', 3000, 22000, 'Palamu, Jharkhand', 'Palamu', 'Jharkhand', ARRAY['Maize Specialist', 'Low Kernel Damage', 'High Speed']),
('a1000001-0000-0000-0000-000000000038', 'Subsoiler - Single Tyne', 'Tiller', '60 HP Required', 750, 5500, 'Garhwa, Jharkhand', 'Garhwa', 'Jharkhand', ARRAY['Breaks Hard Pan', 'Deep Soil Aeration', 'Heavy Duty']),
('a1000001-0000-0000-0000-000000000039', 'Power Weeder - 7 HP', 'Weeding', '7 HP', 180, 1200, 'Chatra, Jharkhand', 'Chatra', 'Jharkhand', ARRAY['Inter-row Weeding', 'Petrol Engine', 'Adjustable Blades']),
('a1000001-0000-0000-0000-000000000040', 'Chaff Cutter - Electric', 'Fodder', '3 HP Electric', 120, 800, 'Gumla, Jharkhand', 'Gumla', 'Jharkhand', ARRAY['Uniform Cutting', 'Low Noise', 'High Capacity']),
('a1000001-0000-0000-0000-000000000041', 'Tractor Mounted Post Hole Digger', 'Accessories', '40 HP Required', 550, 4000, 'Khunti, Jharkhand', 'Khunti', 'Jharkhand', ARRAY['Quick Drilling', 'Various Auger Sizes', 'Sturdy Frame']),
('a1000001-0000-0000-0000-000000000042', 'Laser Land Leveller', 'Precision Farming', '50 HP Required', 1100, 8000, 'Saraikela, Jharkhand', 'Saraikela', 'Jharkhand', ARRAY['Precision Levelling', 'Water Saving', 'Digital Control']),
('a1000001-0000-0000-0000-000000000043', 'Jhon Deere 5050D', 'Tractor', '50 HP', 950, 7000, 'Dhanbad, Jharkhand', 'Dhanbad', 'Jharkhand', ARRAY['Turbocharged Engine', 'Power Steering', 'Comfortable']),
('a1000001-0000-0000-0000-000000000044', 'Massey Ferguson 9500', 'Tractor', '58 HP', 1050, 7800, 'Ranchi, Jharkhand', 'Ranchi', 'Jharkhand', ARRAY['Max PTO Power', 'Fuel Saver', 'Planetary Drive']),
('a1000001-0000-0000-0000-000000000045', 'Rotary Tiller - 8 Feet Heavy Duty', 'Tiller', '50-65 HP Required', 550, 4200, 'Koderma, Jharkhand', 'Koderma', 'Jharkhand', ARRAY['Best for Hard Soil', 'Thick Blades', 'Gear Driven']),
('a1000001-0000-0000-0000-000000000046', 'Groundnut Digger Shaker', 'Harvester', '45 HP Required', 850, 6400, 'Lohardaga, Jharkhand', 'Lohardaga', 'Jharkhand', ARRAY['Clean Digging', 'Minimal Losses', 'Adjustable Width']),
('a1000001-0000-0000-0000-000000000047', 'Tractor Trolley - 5 Ton', 'Trailers', 'N/A', 200, 1500, 'Simdega, Jharkhand', 'Simdega', 'Jharkhand', ARRAY['General Transport', 'Wooden Body', 'Strong Axle']),
('a1000001-0000-0000-0000-000000000048', 'Mist Blower Sprayer - Trolley Mounted', 'Sprayer', '15 HP Engine', 400, 3000, 'Latehar, Jharkhand', 'Latehar', 'Jharkhand', ARRAY['Orchards & Plantation', 'Long Range', 'Chemical Mixing Tank']),
('a1000001-0000-0000-0000-000000000049', 'Seed Cum Fertilizer Drill - 13 Tyne', 'Planters', '45 HP Required', 750, 5600, 'Jamtara, Jharkhand', 'Jamtara', 'Jharkhand', ARRAY['Sows Seeds & Fertilizer', 'Accurate Dosage', 'Durable']),
('a1000001-0000-0000-0000-000000000050', 'Chisel Plough - 5 Tyne', 'Tiller', '55 HP Required', 650, 5000, 'Dumka, Jharkhand', 'Dumka', 'Jharkhand', ARRAY['Deep Tillage', 'Breaks Soil Compaction', 'High Clearance']),
('a1000001-0000-0000-0000-000000000051', 'Rotary Hay Rake', 'Harvester', '35 HP Required', 500, 3500, 'Sahebganj, Jharkhand', 'Sahebganj', 'Jharkhand', ARRAY['Uniform Raking', 'Fast Operation', 'Adjustable Height']),
('a1000001-0000-0000-0000-000000000052', 'Sprinkler Irrigation System (Portable)', 'Irrigation', '3 HP Pump', 150, 1100, 'Pakur, Jharkhand', 'Pakur', 'Jharkhand', ARRAY['Wide Coverage', 'Even Water Distribution', 'Easy Setup']),
('a1000001-0000-0000-0000-000000000053', 'Power Reaper - 4 Row', 'Harvester', '5 HP Diesel', 450, 3200, 'Deoghar, Jharkhand', 'Deoghar', 'Jharkhand', ARRAY['Wheat & Paddy Cutting', 'Self Propelled', 'High Efficiency']),
('a1000001-0000-0000-0000-000000000054', 'Rotary Hay Rake', 'Harvester', '35 HP Required', 500, 3500, 'Hazaribagh, Jharkhand', 'Hazaribagh', 'Jharkhand', ARRAY['Uniform Raking', 'Fast Operation', 'Adjustable Height']);

-- Insert skilled farmer providers (IDs 4-50, some already exist as 1-9)
-- First update existing ones to match data, then add new ones
INSERT INTO providers (id, user_id, full_name, phone_number, provider_type, approval_status, district, state) VALUES
('a2000001-0000-0000-0000-000000000010', 'a0000000-0000-0000-0001-000000000010', 'Priya Devi', '9700000010', 'skilled_farmer', 'approved', 'Bokaro', 'Jharkhand'),
('a2000001-0000-0000-0000-000000000011', 'a0000000-0000-0000-0001-000000000011', 'Manoj Sharma', '9700000011', 'skilled_farmer', 'approved', 'Hazaribagh', 'Jharkhand'),
('a2000001-0000-0000-0000-000000000012', 'a0000000-0000-0000-0001-000000000012', 'Krishna Das', '9700000012', 'skilled_farmer', 'approved', 'Giridih', 'Jharkhand'),
('a2000001-0000-0000-0000-000000000013', 'a0000000-0000-0000-0001-000000000013', 'Virat Sharma', '9700000013', 'skilled_farmer', 'approved', 'Ramgarh', 'Jharkhand'),
('a2000001-0000-0000-0000-000000000014', 'a0000000-0000-0000-0001-000000000014', 'Ashish Kumar', '9700000014', 'skilled_farmer', 'approved', 'Koderma', 'Jharkhand'),
('a2000001-0000-0000-0000-000000000015', 'a0000000-0000-0000-0001-000000000015', 'Anita Devi', '9700000015', 'skilled_farmer', 'approved', 'Lohardaga', 'Jharkhand'),
('a2000001-0000-0000-0000-000000000016', 'a0000000-0000-0000-0001-000000000016', 'Rakesh Kumar', '9700000016', 'skilled_farmer', 'approved', 'Palamu', 'Jharkhand'),
('a2000001-0000-0000-0000-000000000017', 'a0000000-0000-0000-0001-000000000017', 'Seema Kumari', '9700000017', 'skilled_farmer', 'approved', 'Gumla', 'Jharkhand'),
('a2000001-0000-0000-0000-000000000018', 'a0000000-0000-0000-0001-000000000018', 'Rajesh Singh F', '9700000018', 'skilled_farmer', 'approved', 'Deoghar', 'Jharkhand'),
('a2000001-0000-0000-0000-000000000019', 'a0000000-0000-0000-0001-000000000019', 'Babulal Mahto', '9700000019', 'skilled_farmer', 'approved', 'Dumka', 'Jharkhand'),
('a2000001-0000-0000-0000-000000000020', 'a0000000-0000-0000-0001-000000000020', 'Mohan Lal F', '9700000020', 'skilled_farmer', 'approved', 'Jamtara', 'Jharkhand'),
('a2000001-0000-0000-0000-000000000021', 'a0000000-0000-0000-0001-000000000021', 'Gaurav Soni F', '9700000021', 'skilled_farmer', 'approved', 'Saraikela', 'Jharkhand'),
('a2000001-0000-0000-0000-000000000022', 'a0000000-0000-0000-0001-000000000022', 'Sanjay Oraon', '9700000022', 'skilled_farmer', 'approved', 'Khunti', 'Jharkhand'),
('a2000001-0000-0000-0000-000000000023', 'a0000000-0000-0000-0001-000000000023', 'Nikhil Verma', '9700000023', 'skilled_farmer', 'approved', 'Chatra', 'Jharkhand'),
('a2000001-0000-0000-0000-000000000024', 'a0000000-0000-0000-0001-000000000024', 'Deepa Devi', '9700000024', 'skilled_farmer', 'approved', 'Hazaribagh', 'Jharkhand'),
('a2000001-0000-0000-0000-000000000025', 'a0000000-0000-0000-0001-000000000025', 'Saurabh Jha', '9700000025', 'skilled_farmer', 'approved', 'Ranchi', 'Jharkhand'),
('a2000001-0000-0000-0000-000000000026', 'a0000000-0000-0000-0001-000000000026', 'Firoz Khan', '9700000026', 'skilled_farmer', 'approved', 'Jamshedpur', 'Jharkhand'),
('a2000001-0000-0000-0000-000000000027', 'a0000000-0000-0000-0001-000000000027', 'Anjali Kumari', '9700000027', 'skilled_farmer', 'approved', 'Dhanbad', 'Jharkhand'),
('a2000001-0000-0000-0000-000000000028', 'a0000000-0000-0000-0001-000000000028', 'Amit Mandal', '9700000028', 'skilled_farmer', 'approved', 'Bokaro', 'Jharkhand'),
('a2000001-0000-0000-0000-000000000029', 'a0000000-0000-0000-0001-000000000029', 'Prakash Jha F', '9700000029', 'skilled_farmer', 'approved', 'Hazaribagh', 'Jharkhand'),
('a2000001-0000-0000-0000-000000000030', 'a0000000-0000-0000-0001-000000000030', 'Shyam Kishore', '9700000030', 'skilled_farmer', 'approved', 'Giridih', 'Jharkhand'),
('a2000001-0000-0000-0000-000000000031', 'a0000000-0000-0000-0001-000000000031', 'Indira Devi', '9700000031', 'skilled_farmer', 'approved', 'Ramgarh', 'Jharkhand'),
('a2000001-0000-0000-0000-000000000032', 'a0000000-0000-0000-0001-000000000032', 'Vijay Yadav', '9700000032', 'skilled_farmer', 'approved', 'Koderma', 'Jharkhand'),
('a2000001-0000-0000-0000-000000000033', 'a0000000-0000-0000-0001-000000000033', 'Laxmi Devi', '9700000033', 'skilled_farmer', 'approved', 'Lohardaga', 'Jharkhand'),
('a2000001-0000-0000-0000-000000000034', 'a0000000-0000-0000-0001-000000000034', 'Kamal Singh', '9700000034', 'skilled_farmer', 'approved', 'Palamu', 'Jharkhand'),
('a2000001-0000-0000-0000-000000000035', 'a0000000-0000-0000-0001-000000000035', 'Gopal Verma', '9700000035', 'skilled_farmer', 'approved', 'Gumla', 'Jharkhand'),
('a2000001-0000-0000-0000-000000000036', 'a0000000-0000-0000-0001-000000000036', 'Raju Bheel', '9700000036', 'skilled_farmer', 'approved', 'Deoghar', 'Jharkhand'),
('a2000001-0000-0000-0000-000000000037', 'a0000000-0000-0000-0001-000000000037', 'Shweta Tiwari', '9700000037', 'skilled_farmer', 'approved', 'Dumka', 'Jharkhand'),
('a2000001-0000-0000-0000-000000000038', 'a0000000-0000-0000-0001-000000000038', 'Anil Murmu', '9700000038', 'skilled_farmer', 'approved', 'Jamtara', 'Jharkhand'),
('a2000001-0000-0000-0000-000000000039', 'a0000000-0000-0000-0001-000000000039', 'Chandan Roy', '9700000039', 'skilled_farmer', 'approved', 'Saraikela', 'Jharkhand'),
('a2000001-0000-0000-0000-000000000040', 'a0000000-0000-0000-0001-000000000040', 'Divya Singh', '9700000040', 'skilled_farmer', 'approved', 'Khunti', 'Jharkhand'),
('a2000001-0000-0000-0000-000000000041', 'a0000000-0000-0000-0001-000000000041', 'Faiz Ahmed', '9700000041', 'skilled_farmer', 'approved', 'Chatra', 'Jharkhand'),
('a2000001-0000-0000-0000-000000000042', 'a0000000-0000-0000-0001-000000000042', 'Gita Devi', '9700000042', 'skilled_farmer', 'approved', 'Hazaribagh', 'Jharkhand'),
('a2000001-0000-0000-0000-000000000043', 'a0000000-0000-0000-0001-000000000043', 'Harishankar', '9700000043', 'skilled_farmer', 'approved', 'Ranchi', 'Jharkhand'),
('a2000001-0000-0000-0000-000000000044', 'a0000000-0000-0000-0001-000000000044', 'Iqbal Hussain', '9700000044', 'skilled_farmer', 'approved', 'Jamshedpur', 'Jharkhand'),
('a2000001-0000-0000-0000-000000000045', 'a0000000-0000-0000-0001-000000000045', 'Jayshree Ram', '9700000045', 'skilled_farmer', 'approved', 'Dhanbad', 'Jharkhand'),
('a2000001-0000-0000-0000-000000000046', 'a0000000-0000-0000-0001-000000000046', 'Kartik Mehta', '9700000046', 'skilled_farmer', 'approved', 'Bokaro', 'Jharkhand'),
('a2000001-0000-0000-0000-000000000047', 'a0000000-0000-0000-0001-000000000047', 'Lalit Paswan', '9700000047', 'skilled_farmer', 'approved', 'Hazaribagh', 'Jharkhand'),
('a2000001-0000-0000-0000-000000000048', 'a0000000-0000-0000-0001-000000000048', 'Meena Kumari', '9700000048', 'skilled_farmer', 'approved', 'Giridih', 'Jharkhand'),
('a2000001-0000-0000-0000-000000000049', 'a0000000-0000-0000-0001-000000000049', 'Naveen Raj', '9700000049', 'skilled_farmer', 'approved', 'Ramgarh', 'Jharkhand'),
('a2000001-0000-0000-0000-000000000050', 'a0000000-0000-0000-0001-000000000050', 'Om Prakash', '9700000050', 'skilled_farmer', 'approved', 'Koderma', 'Jharkhand'),
('a2000001-0000-0000-0000-000000000051', 'a0000000-0000-0000-0001-000000000051', 'Pawan Gupta F', '9700000051', 'skilled_farmer', 'approved', 'Lohardaga', 'Jharkhand'),
('a2000001-0000-0000-0000-000000000052', 'a0000000-0000-0000-0001-000000000052', 'Queen Fatima', '9700000052', 'skilled_farmer', 'approved', 'Palamu', 'Jharkhand'),
('a2000001-0000-0000-0000-000000000053', 'a0000000-0000-0000-0001-000000000053', 'Rohit Sharma', '9700000053', 'skilled_farmer', 'approved', 'Gumla', 'Jharkhand'),
('a2000001-0000-0000-0000-000000000054', 'a0000000-0000-0000-0001-000000000054', 'Suman Devi', '9700000054', 'skilled_farmer', 'approved', 'Deoghar', 'Jharkhand'),
('a2000001-0000-0000-0000-000000000055', 'a0000000-0000-0000-0001-000000000055', 'Tarun Gupta', '9700000055', 'skilled_farmer', 'approved', 'Dumka', 'Jharkhand'),
('a2000001-0000-0000-0000-000000000056', 'a0000000-0000-0000-0001-000000000056', 'Umesh Pandit', '9700000056', 'skilled_farmer', 'approved', 'Jamtara', 'Jharkhand');

-- Insert skilled farmer profiles for IDs 4-50
INSERT INTO skilled_farmer_profiles (provider_id, skills, experience_years, hourly_rate, daily_rate, languages, specialties) VALUES
('a2000001-0000-0000-0000-000000000010', ARRAY['planting', 'harvesting'], 5, 650, 4800, ARRAY['Hindi', 'English'], ARRAY['Vegetable Farming', 'Seed Selection']),
('a2000001-0000-0000-0000-000000000011', ARRAY['tractor-operator', 'irrigation'], 10, 800, 6200, ARRAY['Hindi', 'English'], ARRAY['Heavy Machinery', 'Land Preparation']),
('a2000001-0000-0000-0000-000000000012', ARRAY['pesticide', 'planting'], 7, 720, 5500, ARRAY['Hindi'], ARRAY['Crop Protection', 'Seasonal Planning']),
('a2000001-0000-0000-0000-000000000013', ARRAY['tractor-operator', 'irrigation'], 8, 900, 6800, ARRAY['Hindi', 'English'], ARRAY['Heavy Machinery', 'Water Management']),
('a2000001-0000-0000-0000-000000000014', ARRAY['pesticide', 'planting'], 5, 720, 5200, ARRAY['Hindi'], ARRAY['Crop Protection', 'Yield Optimization']),
('a2000001-0000-0000-0000-000000000015', ARRAY['pesticide', 'harvesting'], 10, 900, 7000, ARRAY['Hindi', 'Bengali'], ARRAY['Sprayers', 'Weed Control']),
('a2000001-0000-0000-0000-000000000016', ARRAY['planting', 'tractor-operator'], 9, 780, 5800, ARRAY['Hindi'], ARRAY['Plowing', 'Tillers', 'Tractors']),
('a2000001-0000-0000-0000-000000000017', ARRAY['planting', 'irrigation'], 6, 720, 5300, ARRAY['Hindi', 'Bengali'], ARRAY['Vegetables', 'Organic Farming']),
('a2000001-0000-0000-0000-000000000018', ARRAY['tractor-operator', 'pesticide'], 11, 850, 6400, ARRAY['Hindi', 'English'], ARRAY['Rotavators', 'Sprayers']),
('a2000001-0000-0000-0000-000000000019', ARRAY['harvesting'], 15, 950, 7500, ARRAY['Hindi'], ARRAY['Paddy Harvesting', 'Wheat Harvesting']),
('a2000001-0000-0000-0000-000000000020', ARRAY['planting'], 6, 680, 4900, ARRAY['Hindi', 'Santhali'], ARRAY['Sugarcane', 'Potato Planting']),
('a2000001-0000-0000-0000-000000000021', ARRAY['tractor-operator', 'irrigation'], 9, 810, 6100, ARRAY['Hindi'], ARRAY['Laser Levelling', 'Borewell Operation']),
('a2000001-0000-0000-0000-000000000022', ARRAY['pesticide'], 4, 600, 4500, ARRAY['Hindi', 'Kurukh'], ARRAY['Organic Pesticides', 'Manual Spraying']),
('a2000001-0000-0000-0000-000000000023', ARRAY['harvesting', 'planting'], 11, 880, 6900, ARRAY['Hindi', 'English'], ARRAY['Maize', 'Groundnut', 'Sowing Techniques']),
('a2000001-0000-0000-0000-000000000024', ARRAY['irrigation', 'planting'], 7, 750, 5600, ARRAY['Hindi'], ARRAY['Sprinkler Systems', 'Flower Cultivation']),
('a2000001-0000-0000-0000-000000000025', ARRAY['tractor-operator'], 14, 920, 7200, ARRAY['Hindi', 'English'], ARRAY['Heavy Duty Tractors', 'Deep Plowing']),
('a2000001-0000-0000-0000-000000000026', ARRAY['pesticide', 'harvesting'], 6, 740, 5400, ARRAY['Hindi', 'Urdu'], ARRAY['Bio-Pesticides', 'Fruit Picking']),
('a2000001-0000-0000-0000-000000000027', ARRAY['planting'], 3, 620, 4400, ARRAY['Hindi'], ARRAY['Nursery Management', 'Sapling Care']),
('a2000001-0000-0000-0000-000000000028', ARRAY['irrigation', 'harvesting'], 13, 870, 6700, ARRAY['Hindi', 'Bengali'], ARRAY['Canal Water Management', 'Rice Harvesting']),
('a2000001-0000-0000-0000-000000000029', ARRAY['tractor-operator', 'pesticide'], 9, 830, 6300, ARRAY['Hindi', 'Maithili'], ARRAY['Rotavator setup', 'Disease Control']),
('a2000001-0000-0000-0000-000000000030', ARRAY['planting', 'irrigation'], 7, 700, 5100, ARRAY['Hindi'], ARRAY['Vegetable Seeding', 'Micro-irrigation']),
('a2000001-0000-0000-0000-000000000031', ARRAY['harvesting'], 4, 680, 5000, ARRAY['Hindi', 'Mundari'], ARRAY['Manual Harvesting', 'Post-harvest Care']),
('a2000001-0000-0000-0000-000000000032', ARRAY['tractor-operator', 'planting'], 16, 980, 7600, ARRAY['Hindi', 'English'], ARRAY['Zero Tillage', 'Precision Farming']),
('a2000001-0000-0000-0000-000000000033', ARRAY['pesticide'], 5, 650, 4700, ARRAY['Hindi'], ARRAY['Weedicide Application', 'Safety Compliance']),
('a2000001-0000-0000-0000-000000000034', ARRAY['irrigation', 'tractor-operator'], 10, 820, 6200, ARRAY['Hindi', 'Bhojpuri'], ARRAY['Pump Maintenance', 'Deep Plowing']),
('a2000001-0000-0000-0000-000000000035', ARRAY['harvesting', 'pesticide'], 8, 790, 5900, ARRAY['Hindi'], ARRAY['Threshing', 'Integrated Pest Management (IPM)']),
('a2000001-0000-0000-0000-000000000036', ARRAY['planting', 'irrigation'], 5, 690, 5000, ARRAY['Hindi', 'Santhali'], ARRAY['Rice Cultivation', 'Water Scheduling']),
('a2000001-0000-0000-0000-000000000037', ARRAY['tractor-operator'], 6, 750, 5600, ARRAY['Hindi', 'English'], ARRAY['Small Tractors', 'Transport Operations']),
('a2000001-0000-0000-0000-000000000038', ARRAY['harvesting', 'pesticide'], 10, 840, 6300, ARRAY['Hindi', 'Santhali'], ARRAY['Combine Setting', 'Fungicide Spray']),
('a2000001-0000-0000-0000-000000000039', ARRAY['planting'], 4, 670, 4800, ARRAY['Hindi', 'Bengali'], ARRAY['Flower Planting', 'Soil Enrichment']),
('a2000001-0000-0000-0000-000000000040', ARRAY['irrigation'], 7, 720, 5400, ARRAY['Hindi'], ARRAY['Pressure Regulation', 'Pipe Laying']),
('a2000001-0000-0000-0000-000000000041', ARRAY['tractor-operator', 'harvesting'], 13, 910, 7000, ARRAY['Hindi', 'Urdu'], ARRAY['Large Fields', 'Multiple Crop Cycles']),
('a2000001-0000-0000-0000-000000000042', ARRAY['pesticide', 'planting'], 5, 710, 5200, ARRAY['Hindi'], ARRAY['Bio-Fertilizers', 'Hand Weeding']),
('a2000001-0000-0000-0000-000000000043', ARRAY['irrigation', 'tractor-operator'], 9, 800, 6000, ARRAY['Hindi'], ARRAY['Pump Maintenance', 'Field Leveling']),
('a2000001-0000-0000-0000-000000000044', ARRAY['harvesting'], 11, 860, 6600, ARRAY['Hindi', 'Urdu'], ARRAY['Vegetable Picking', 'Loading/Unloading']),
('a2000001-0000-0000-0000-000000000045', ARRAY['planting', 'pesticide'], 4, 630, 4500, ARRAY['Hindi'], ARRAY['Pulse Sowing', 'Fumigation']),
('a2000001-0000-0000-0000-000000000046', ARRAY['tractor-operator', 'irrigation'], 15, 950, 7300, ARRAY['Hindi', 'Gujarati'], ARRAY['Heavy Ploughing', 'River Lift Schemes']),
('a2000001-0000-0000-0000-000000000047', ARRAY['harvesting'], 7, 780, 5700, ARRAY['Hindi'], ARRAY['Cereal Harvesting', 'Manual Reaping']),
('a2000001-0000-0000-0000-000000000048', ARRAY['planting', 'pesticide'], 5, 700, 5100, ARRAY['Hindi'], ARRAY['Medicinal Plants', 'Soil Testing']),
('a2000001-0000-0000-0000-000000000049', ARRAY['tractor-operator', 'harvesting'], 10, 840, 6400, ARRAY['Hindi', 'English'], ARRAY['Multi-purpose Tractor', 'Post-harvest Logistics']),
('a2000001-0000-0000-0000-000000000050', ARRAY['irrigation', 'pesticide'], 8, 770, 5800, ARRAY['Hindi'], ARRAY['Borewell Operation', 'Insecticide Spraying']),
('a2000001-0000-0000-0000-000000000051', ARRAY['planting'], 3, 650, 4600, ARRAY['Hindi'], ARRAY['Cash Crop Planting', 'Row Spacing']),
('a2000001-0000-0000-0000-000000000052', ARRAY['harvesting', 'irrigation'], 12, 900, 7000, ARRAY['Hindi', 'Urdu'], ARRAY['Dryland Harvesting', 'Water Recycling']),
('a2000001-0000-0000-0000-000000000053', ARRAY['tractor-operator', 'pesticide'], 9, 850, 6500, ARRAY['Hindi', 'English'], ARRAY['Trolley Driving', 'Foliar Spray']),
('a2000001-0000-0000-0000-000000000054', ARRAY['planting', 'harvesting'], 6, 720, 5300, ARRAY['Hindi', 'Bengali'], ARRAY['Intercropping', 'Small Tools Operation']),
('a2000001-0000-0000-0000-000000000055', ARRAY['irrigation', 'tractor-operator'], 14, 930, 7100, ARRAY['Hindi', 'English'], ARRAY['Damar Irrigation', 'Heavy Machinery']),
('a2000001-0000-0000-0000-000000000056', ARRAY['pesticide'], 7, 760, 5700, ARRAY['Hindi'], ARRAY['Drift Control', 'Backpack Sprayer']);

-- Set some farmers as unavailable to match the data
UPDATE skilled_farmer_profiles SET availability_status = 'busy' 
WHERE provider_id IN (
  'a2000001-0000-0000-0000-000000000020',
  'a2000001-0000-0000-0000-000000000026',
  'a2000001-0000-0000-0000-000000000033',
  'a2000001-0000-0000-0000-000000000046'
);
